movie_id,genre_id
1226863,10751
1226863,35
1226863,12
1226863,14
1226863,16
83533,878
83533,12
83533,14
980431,16
980431,28
980431,12
980431,14
502356,10751
502356,35
502356,12
502356,14
502356,16
1311031,16
1311031,28
1311031,14
1159831,878
1159831,27
1159831,14
1539104,16
1539104,28
1539104,14
1246049,27
1246049,14
1246049,10749
50619,12
50619,14
50619,10749
803796,14
803796,10402
803796,35
803796,16
1117857,16
1117857,10751
1117857,35
1117857,12
1117857,14
1011985,16
1011985,10751
1011985,28
1011985,35
1011985,12
1011985,14
120,12
120,14
120,28
402431,18
402431,10749
402431,14
14836,16
14836,10751
14836,14
1241982,16
1241982,12
1241982,10751
1241982,35
1241982,14
129,16
129,10751
129,14
497,14
497,18
497,80
1218925,16
1218925,28
1218925,10749
1218925,14
1062722,18
1062722,14
1062722,27
950387,10751
950387,14
950387,35
950387,12
991494,16
991494,10751
991494,35
991494,12
991494,14
808,16
808,35
808,14
808,12
808,10751
214756,35
214756,14
4935,14
4935,16
4935,12
122,12
122,14
122,28
508947,16
508947,10751
508947,35
508947,14
1087192,14
1087192,10751
1087192,28
1087192,12
1108427,10751
1108427,14
1108427,35
1108427,12
671,12
671,14
564,12
564,28
564,14
122917,28
122917,12
122917,14
121,12
121,14
121,28
980477,16
980477,14
980477,12
109445,16
109445,10751
109445,12
109445,14
8966,14
8966,18
8966,10749
931285,28
931285,14
931285,12
12445,12
12445,14
674,12
674,14
58,12
58,14
58,28
297802,28
297802,12
297802,14
1497970,16
1497970,35
1497970,10751
1497970,14
1497970,12
315162,16
315162,12
315162,14
315162,35
315162,10751
22,12
22,14
22,28
675,12
675,14
411,12
411,10751
411,14
12444,12
12444,14
823219,16
823219,12
823219,14
823219,10751
453395,14
453395,28
453395,12
2062,16
2062,35
2062,10751
2062,14
967941,14
967941,12
967941,10749
1020969,10751
1020969,12
1020969,14
672,12
672,14
49051,12
49051,14
49051,28
8392,14
8392,16
8392,10751
62177,16
62177,10751
62177,14
62177,12
673,12
673,14
447273,10751
447273,14
209112,28
209112,12
209112,14
1734,12
1734,28
1734,14
150689,10749
150689,14
150689,10751
150689,18
1357633,28
1357633,12
1357633,14
1357633,16
297762,28
297762,12
297762,14
1043197,14
1043197,28
1043197,27
1469458,14
1469458,53
1469458,18
285,12
285,14
285,28
1153576,28
1153576,35
1153576,14
767,12
767,14
16859,16
16859,10751
16859,14
128,12
128,14
128,16
810693,16
810693,28
810693,14
1575337,16
1575337,14
1575337,10402
1575337,878
1865,12
1865,28
1865,14
508442,16
508442,10751
508442,18
508442,10402
508442,14
976573,16
976573,10751
976573,10749
976573,14
976573,35
10195,12
10195,14
10195,28
447277,12
447277,10751
447277,14
447277,10749
118,12
118,35
118,10751
118,14
616037,14
616037,28
616037,35
936108,16
936108,10751
936108,14
10191,14
10191,12
10191,16
10191,10751
426063,27
426063,14
527774,16
527774,10751
527774,14
527774,12
527774,28
246655,878
246655,14
246655,28
1401778,53
1401778,28
1401778,12
1401778,18
1401778,14
572802,28
572802,12
572802,14
630,12
630,14
630,10751
284052,14
284052,12
284052,28
102651,14
102651,12
102651,28
102651,10751
102651,10749
420817,12
420817,14
420817,10749
420817,10751
438148,10751
438148,35
438148,12
438148,16
438148,878
438148,14
438148,28
1368337,12
1368337,18
1368337,14
45588,35
45588,18
45588,10751
45588,14
1735,12
1735,28
1735,14
1180831,28
1180831,14
1180831,53
601,878
601,12
601,10751
601,14
10379,35
10379,14
10379,10751
12155,10751
12155,14
12155,12
330457,10751
330457,16
330457,12
330457,35
330457,14
72105,35
72105,14
812,16
812,10751
812,12
812,14
812,10749
82702,14
82702,28
82702,12
82702,16
82702,10751
11970,16
11970,10751
11970,14
11970,12
11970,35
11970,10749
568124,16
568124,35
568124,10751
568124,14
3933,10749
3933,14
3933,16
854,35
854,14
854,80
854,10749
561,14
561,28
561,27
11688,12
11688,16
11688,35
11688,10751
11688,14
566525,28
566525,12
566525,14
9470,28
9470,35
9470,80
9470,14
460465,28
460465,14
460465,12
18239,12
18239,14
18239,18
18239,10749
10192,35
10192,12
10192,14
10192,16
10192,10751
321612,10751
321612,14
321612,10749
105825,27
105825,18
105825,14
787699,35
787699,10751
787699,14
141,14
141,18
141,9648
293167,28
293167,12
293167,14
508883,16
508883,14
508883,18
804370,16
804370,12
804370,14
804370,10751
804370,878
585083,16
585083,35
585083,10751
585083,12
585083,14
1585,18
1585,10751
1585,14
809,16
809,10751
809,35
809,14
809,10749
10144,16
10144,10751
10144,14
845781,28
845781,35
845781,14
1083637,28
1083637,18
1083637,14
35552,14
35552,12
35552,28
35552,9648
282035,14
282035,53
282035,28
282035,12
282035,27
10830,35
10830,10751
10830,14
269509,16
269509,35
269509,10751
269509,14
639720,35
639720,14
639720,10751
10501,10751
10501,12
10501,16
10501,35
10501,14
166426,12
166426,28
166426,14
13494,12
13494,28
13494,14
13494,18
24021,12
24021,14
24021,18
24021,10749
408,14
408,16
408,10751
620,35
620,14
2493,12
2493,10751
2493,14
2493,35
2493,10749
430162,10751
430162,16
430162,35
430162,14
259316,14
259316,12
268,14
268,28
268,80
251,14
251,10749
251,53
10882,14
10882,16
10882,10749
10882,10751
1500099,16
1500099,10751
1500099,18
1500099,14
18491,16
18491,878
18491,18
18491,14
1489187,35
1489187,10749
1489187,14
137106,16
137106,10751
137106,12
137106,35
137106,14
81188,16
81188,10751
81188,14
81188,28
81188,12
81005,14
81005,28
81005,12
81005,18
324544,28
324544,14
324544,37
1144107,16
1144107,14
1144107,28
1417,14
1417,18
1417,10752
12092,16
12092,10751
12092,14
12092,12
635302,16
635302,28
635302,14
879,12
879,14
879,35
879,10751
2270,12
2270,14
2270,10749
2270,10751
8009,12
8009,28
8009,14
1125257,35
1125257,14
1125257,10751
241259,12
241259,10751
241259,14
512200,12
512200,35
512200,14
10020,10749
10020,10751
10020,16
10020,14
587,12
587,14
587,18
763215,14
763215,28
763215,12
23544,16
23544,10751
23544,14
23544,12
493529,12
493529,14
493529,35
159824,16
159824,35
159824,10751
159824,14
4011,14
4011,35
410119,18
410119,14
410119,10749
297761,28
297761,12
297761,14
639933,28
639933,12
639933,14
283366,14
283366,12
283366,18
283366,10751
501170,27
501170,14
76492,16
76492,35
76492,10751
76492,14
877703,28
877703,14
877703,10770
628,27
628,18
628,14
791373,28
791373,12
791373,14
1427,80
1427,14
1427,18
594767,35
594767,28
594767,14
68735,28
68735,12
68735,14
60898,14
60898,18
60898,27
278927,10751
278927,12
278927,14
9016,878
9016,12
9016,16
9016,10751
9016,14
122906,18
122906,10749
122906,14
76757,878
76757,14
76757,28
1593,14
1593,10751
1593,35
447404,28
447404,12
447404,14
4922,18
4922,14
4922,10749
338953,14
338953,12
1250,53
1250,28
1250,14
11976,12
11976,14
12429,16
12429,14
12429,10751
1098006,12
1098006,14
1098006,9648
287947,28
287947,35
287947,14
590223,12
590223,35
590223,14
590223,878
274854,28
274854,12
274854,14
420809,10751
420809,14
420809,12
568160,16
568160,18
568160,14
568160,10749
38321,28
38321,14
38321,27
10895,16
10895,10751
10895,14
585511,16
585511,12
585511,35
585511,14
585511,10751
57158,14
57158,12
57158,28
311324,28
311324,12
311324,14
10198,16
10198,10749
10198,14
10198,10751
533514,16
533514,18
533514,14
533514,10749
842924,14
842924,18
464052,28
464052,12
464052,14
810,14
810,12
810,16
810,35
810,10751
9738,28
9738,14
9738,878
400155,16
400155,35
400155,10751
400155,14
10693,16
10693,10751
10693,12
10693,14
508943,16
508943,10751
508943,14
508943,35
508943,18
4523,35
4523,10751
4523,14
4523,10749
11596,27
11596,9648
11596,14
615677,10751
615677,28
615677,14
615677,35
496450,16
496450,14
496450,28
496450,10749
496450,10751
14128,10751
14128,16
14128,10749
14128,14
433,35
433,10751
433,14
529203,16
529203,10751
529203,12
529203,14
529203,35
560057,16
560057,12
560057,28
560057,10751
560057,14
228161,14
228161,35
228161,16
228161,878
228161,10751
425909,14
425909,35
425909,12
1022796,16
1022796,10751
1022796,14
1022796,12
6435,10749
6435,35
6435,14
592983,16
592983,14
592983,10751
592983,12
592983,35
957452,28
957452,14
957452,27
12222,16
12222,35
12222,10751
12222,12
12222,14
901362,16
901362,10751
901362,10402
901362,14
901362,35
901362,12
5255,16
5255,10751
5255,14
5255,12
353486,12
353486,35
353486,14
353486,28
11653,28
11653,12
11653,35
11653,18
11653,14
620249,16
620249,14
620249,28
81,12
81,16
81,14
2454,12
2454,10751
2454,14
1241921,10749
1241921,14
1241921,18
75,35
75,14
75,878
2668,14
2668,53
2668,9648
2668,27
2907,35
2907,14
446893,10751
446893,16
446893,35
446893,14
446893,12
446893,10402
297,14
297,18
297,10749
10140,12
10140,10751
10140,14
360920,10751
360920,35
360920,16
360920,14
974262,14
974262,12
974262,10751
974262,35
162,14
162,18
162,10749
293863,10749
293863,14
293863,18
60304,14
60304,27
60304,28
310,14
310,35
2758,35
2758,10751
2758,14
896536,10751
896536,14
896536,12
8839,14
8839,35
8839,10751
6477,35
6477,10751
6477,14
6477,16
137,10749
137,14
137,35
123553,14
123553,28
123553,9648
277217,10751
277217,12
277217,14
277217,10770
277217,10402
36586,14
36586,27
36586,28
36586,53
116745,12
116745,35
116745,18
116745,14
337401,12
337401,14
337401,28
9339,35
9339,18
9339,14
228165,10751
228165,16
228165,12
228165,14
228165,35
462677,16
462677,12
462677,14
462677,10751
462677,878
462677,35
364,28
364,14
338970,28
338970,12
338970,14
181533,12
181533,35
181533,14
181533,10751
846422,28
846422,14
927254,16
927254,35
927254,10751
927254,14
441130,16
441130,10751
441130,12
441130,14
268896,28
268896,14
268896,878
268896,12
856,14
856,16
856,35
856,80
531219,35
531219,14
531219,10751
531219,27
508439,16
508439,10751
508439,14
508439,12
508439,35
503919,18
503919,14
503919,53
526896,28
526896,878
526896,14
615925,14
615925,27
412656,14
412656,878
412656,12
32657,12
32657,14
32657,10751
11527,12
11527,14
274857,28
274857,18
274857,14
50620,14
50620,18
50620,10749
11283,14
11283,35
11283,10751
9495,14
9495,28
9495,53
10196,28
10196,12
10196,14
18823,12
18823,14
18823,28
916224,16
916224,18
916224,12
916224,14
62213,35
62213,14
1571470,14
1571470,18
1571470,12
252,10751
252,14
252,35
1353117,27
1353117,14
1353117,53
1353117,9648
1353117,28
2268,12
2268,14
798286,35
798286,12
798286,14
8204,10751
8204,12
8204,14
8204,18
550205,16
550205,10751
550205,35
550205,14
550205,10749
550205,12
442062,35
442062,14
442062,27
442062,10751
10439,14
10439,35
10439,10751
1131759,28
1131759,12
1131759,14
13597,12
13597,10751
13597,14
1153714,27
1153714,14
1153714,35
634492,28
634492,14
900667,16
900667,12
900667,28
900667,14
10515,12
10515,14
10515,16
10515,28
10515,10751
1359607,16
1359607,35
1359607,14
267935,12
267935,10751
267935,14
9312,28
9312,14
451048,14
451048,12
451048,28
2280,14
2280,18
2280,35
2300,10751
2300,16
2300,878
2300,14
2300,35
849,28
849,12
849,14
849,878
756,16
756,10751
756,14
9374,35
9374,14
9374,27
1014505,28
1014505,12
1014505,16
1014505,14
917496,35
917496,14
917496,27
1022453,35
1022453,27
1022453,14
70841,16
70841,12
70841,10751
70841,14
70841,878
381289,12
381289,35
381289,14
381289,10751
381289,18
9479,14
9479,16
9479,10751
76338,28
76338,12
76338,14
10137,10751
10137,14
10137,35
10137,12
1040148,16
1040148,10751
1040148,14
1040148,35
1155281,28
1155281,14
1155281,10752
68728,14
68728,12
68728,10751
205584,28
205584,12
205584,14
1487,14
1487,28
116711,16
116711,12
116711,10751
116711,14
762,12
762,35
762,14
572154,16
572154,10749
572154,18
572154,14
793387,28
793387,14
793387,27
793387,53
5994,35
5994,18
5994,10749
5994,14
192904,16
192904,12
192904,10751
192904,878
192904,14
448119,10751
448119,35
448119,14
448119,12
615453,16
615453,14
615453,12
9946,28
9946,27
9946,14
15370,12
15370,14
15370,16
15370,18
15370,10751
14784,12
14784,14
14784,18
11428,27
11428,14
11428,53
795,10749
795,18
795,14
338952,14
338952,12
9543,12
9543,14
9543,28
399055,18
399055,14
399055,10749
10719,35
10719,10751
10719,14
49524,14
49524,28
49524,35
559907,12
559907,18
559907,14
58595,12
58595,14
58595,18
11224,10751
11224,14
11224,16
11224,10749
1995,12
1995,28
1995,14
638507,16
638507,14
638507,12
638507,10751
14442,10751
14442,14
14442,35
136799,10751
136799,16
136799,14
136799,12
136799,35
136799,10402
11852,35
11852,14
2044,10749
2044,18
2044,9648
2044,14
454639,28
454639,14
454639,878
218726,12
218726,10751
218726,16
218726,35
218726,14
218726,878
961323,16
961323,10751
961323,12
961323,14
961323,35
961323,28
961323,18
961323,878
555604,16
555604,14
555604,12
555604,18
335360,10751
335360,16
335360,12
335360,14
9992,12
9992,14
9992,16
9992,10751
1304434,16
1304434,12
1304434,14
1304434,35
34584,12
34584,14
34584,10751
34584,18
1058537,28
1058537,12
1058537,14
1058537,27
11497,18
11497,16
11497,10751
11497,35
11497,14
1550797,16
1550797,35
1550797,14
1550797,10751
244,12
244,14
244,27
244458,35
244458,80
244458,27
244458,14
527435,35
527435,12
527435,10751
527435,14
10330,10751
10330,14
10330,35
10330,10749
9078,16
9078,10751
9078,14
927,14
927,27
927,35
397567,28
397567,12
397567,18
397567,14
397567,53
18122,28
18122,14
18122,878
23629,28
23629,14
23629,53
59436,14
59436,35
59436,10749
170687,16
170687,35
170687,10751
170687,14
1147411,16
1147411,10751
1147411,28
1147411,12
1147411,14
779782,14
779782,35
779782,12
10957,16
10957,12
10957,10751
10957,14
9480,14
9480,28
11621,16
11621,12
11621,14
400157,35
400157,16
400157,12
400157,10751
400157,14
458576,28
458576,14
458576,12
1147416,16
1147416,10751
1147416,28
1147416,14
16119,16
16119,10749
16119,10751
16119,14
1019420,10749
1019420,35
1019420,14
16690,12
16690,14
16690,16
16690,10751
13179,16
13179,10751
13179,12
13179,14
258489,14
258489,28
258489,12
1140521,10751
1140521,14
1140521,12
847,14
847,12
847,28
9598,14
9598,18
9598,35
9598,10751
414,28
414,80
414,14
420814,12
420814,35
420814,10751
420814,14
1491,14
1491,18
1491,53
1491,10749
228326,16
228326,12
228326,35
228326,10751
228326,14
6978,28
6978,35
6978,14
6978,12
1319969,12
1319969,14
1319969,35
1319969,10751
160642,10751
160642,16
160642,12
160642,14
160642,35
160642,878
618344,16
618344,28
618344,12
618344,14
506574,10751
506574,10770
506574,12
506574,14
506574,10402
585245,10751
585245,12
585245,35
585245,14
11836,10751
11836,35
11836,12
11836,16
11836,14
183011,16
183011,878
183011,28
183011,12
183011,14
258230,14
258230,12
258230,10751
16996,35
16996,14
16996,18
16996,10749
1139829,16
1139829,10751
1139829,35
1139829,14
1139829,12
49017,27
49017,28
49017,14
25475,16
25475,10751
25475,12
25475,14
13600,12
13600,10751
13600,14
24418,12
24418,14
24418,28
24418,53
856289,28
856289,14
856289,10752
635910,27
635910,14
27022,14
27022,12
27022,28
2897,12
2897,35
2897,10751
2897,14
2897,10749
812225,16
812225,14
812225,28
812225,12
11639,12
11639,10751
11639,14
1729,28
1729,12
1729,14
197796,14
197796,10749
1203329,16
1203329,14
1203329,28
888,14
888,35
888,10751
928,35
928,27
928,14
299824,28
299824,12
299824,14
64686,18
64686,28
64686,14
30959,27
30959,14
30959,18
11814,35
11814,14
11814,878
11814,10749
834,14
834,28
834,53
400106,14
400106,28
400106,53
223702,12
223702,16
223702,35
223702,14
17979,16
17979,14
17979,18
17979,10751
277,14
277,28
277,53
428045,28
428045,12
428045,10751
428045,14
410113,16
410113,10751
410113,35
410113,12
410113,14
47327,14
47327,53
47327,28
47327,80
9297,16
9297,35
9297,10751
9297,14
49730,53
49730,18
49730,14
49730,9648
49730,27
49730,10749
592350,16
592350,28
592350,14
592350,12
4442,12
4442,14
4442,28
4442,35
4442,53
409297,27
409297,14
409297,9648
201223,16
201223,14
201223,9648
201223,27
201223,28
9678,35
9678,14
15999,16
15999,14
15999,27
15999,28
15999,12
15999,878
73456,10751
73456,16
73456,14
2309,12
2309,10751
2309,14
668482,10751
668482,35
668482,14
1034062,16
1034062,28
1034062,14
1034062,12
266647,14
266647,12
266647,10751
266647,28
12437,14
12437,28
12437,53
10280,14
10280,27
19901,28
19901,14
19901,878
10202,14
10202,35
10202,10751
10202,10749
106731,28
106731,12
106731,14
44683,16
44683,12
44683,10751
44683,14
22894,28
22894,14
22894,27
455476,14
455476,28
455476,878
656908,18
656908,14
656908,28
826510,10751
826510,35
826510,12
826510,14
1232569,27
1232569,53
1232569,14
426543,10751
426543,14
426543,12
616747,35
616747,18
616747,14
22586,10751
22586,16
22586,14
22586,12
22586,35
456740,14
456740,27
456740,28
456740,12
776835,16
776835,12
776835,10751
776835,14
776835,35
384345,16
384345,12
384345,14
384345,878
384345,10751
309809,12
309809,16
309809,14
309809,10751
10019,35
10019,10749
10019,14
1636,14
1636,35
1636,10749
9444,16
9444,10751
9444,14
9444,12
338958,35
338958,10751
338958,14
40096,35
40096,18
40096,14
40096,10749
2899,10751
2899,14
2899,35
2899,12
16523,14
16523,18
16523,12
16523,10751
221731,28
221731,12
221731,18
221731,14
6069,35
6069,14
6069,27
375588,12
375588,28
375588,53
375588,14
11845,10749
11845,18
11845,14
9593,12
9593,14
9593,28
9593,35
9593,10751
51739,14
51739,16
51739,10751
8960,14
8960,28
780609,27
780609,53
780609,14
1039960,14
1039960,878
1039960,28
1039960,12
547016,28
547016,14
24420,18
24420,10749
24420,14
601796,878
601796,28
601796,14
601796,12
64530,14
13313,16
13313,10751
13313,14
590995,27
590995,18
590995,14
492,35
492,18
492,14
8871,10751
8871,35
8871,14
15775,18
15775,10749
15775,14
649609,35
649609,14
649609,27
10150,14
10150,16
10150,10751
10150,12
137321,18
137321,14
137321,9648
137321,10749
1166170,35
1166170,10749
1166170,14
176983,16
176983,14
176983,28
176983,12
560044,16
560044,35
560044,10751
560044,14
1147400,16
1147400,10751
1147400,28
1147400,14
68737,12
68737,14
9007,35
9007,10749
9007,14
642885,14
642885,35
926899,16
926899,18
926899,35
926899,27
926899,14
9334,28
9334,12
9334,14
43074,28
43074,14
43074,35
730840,16
730840,14
730840,10751
730840,28
730840,12
11824,35
11824,14
11824,10749
13682,10751
13682,16
13682,35
13682,14
899112,28
899112,35
899112,14
71676,28
71676,14
71676,53
355547,16
355547,35
355547,12
355547,10751
355547,14
518068,28
518068,12
518068,14
518068,53
10991,12
10991,14
10991,16
10991,28
10991,10751
21481,35
21481,18
21481,10751
21481,14
21481,10770
417320,10751
417320,14
417320,10770
417320,12
417320,10402
527261,27
527261,18
527261,53
527261,14
515195,35
515195,14
515195,10402
515195,10749
8840,14
8840,28
8840,12
8840,18
287903,27
287903,35
287903,14
149871,16
149871,18
149871,14
15035,16
15035,14
15035,878
15035,12
675531,27
675531,14
675531,53
37034,28
37034,14
866,18
866,14
1116465,28
1116465,12
1116465,14
894205,28
894205,14
894205,27
1542261,16
1542261,12
1542261,14
1542261,10751
20694,10751
20694,35
20694,12
20694,16
20694,14
893712,16
893712,28
893712,14
893712,878
436931,10751
436931,16
436931,12
436931,14
549649,14
549649,18
549649,35
21290,12
21290,16
21290,18
21290,14
23398,35
23398,10751
23398,16
23398,14
23398,10402
23202,27
23202,14
976720,878
976720,18
976720,12
976720,14
2978,35
2978,14
667520,16
667520,18
667520,10749
667520,14
877269,16
877269,10751
877269,12
877269,14
877269,878
836225,27
836225,80
836225,18
836225,14
839033,16
839033,14
839033,12
839033,28
315465,28
315465,12
315465,16
315465,18
315465,10751
315465,14
876792,16
876792,14
876792,12
994108,10749
994108,18
994108,14
460885,14
460885,28
460885,27
9610,12
9610,14
9610,28
127533,12
127533,28
127533,14
127533,10752
127533,36
8698,14
8698,28
8698,53
8698,878
967847,14
967847,12
967847,35
1243341,14
1243341,10402
1243341,10749
1243341,12
1243341,10751
1243341,35
1243341,10770
9607,12
9607,14
9607,35
9607,10751
588648,16
588648,10751
588648,28
588648,12
588648,14
1242669,18
1242669,9648
1242669,14
529216,53
529216,18
529216,9648
529216,14
535809,10749
535809,18
535809,10770
535809,14
15139,10751
15139,14
15139,16
417859,16
417859,10751
417859,14
417859,12
417859,35
8967,18
8967,14
37430,12
37430,14
37430,28
1253000,14
1253000,28
1253000,12
102780,18
102780,14
102780,53
573730,16
573730,12
573730,14
573730,9648
9945,28
9945,14
9945,27
149509,18
149509,14
149509,53
537059,16
537059,28
537059,878
537059,14
44603,18
44603,14
916192,16
916192,18
916192,10749
916192,14
916192,878
12599,12
12599,14
12599,16
12599,878
12599,10751
460793,16
460793,10751
460793,12
460793,35
460793,14
1260649,14
1260649,12
1260649,35
539517,14
539517,16
539517,27
539517,28
820232,16
820232,28
820232,14
820232,53
1159477,53
1159477,9648
1159477,14
9871,14
9871,27
9871,18
9871,53
463821,35
463821,14
463821,10751
463821,27
463821,9648
283378,18
283378,14
283378,10749
11319,14
11319,10751
11319,16
11319,12
413658,28
413658,12
413658,35
413658,10751
413658,14
14191,14
14191,10749
14191,10751
14191,35
36728,28
36728,12
36728,35
36728,18
36728,14
36728,16
428449,18
428449,14
428449,9648
428449,10749
759175,28
759175,14
439058,10751
439058,35
439058,16
439058,12
439058,10770
439058,14
739990,14
739990,27
739990,10751
1312833,27
1312833,28
1312833,14
350312,28
350312,12
350312,14
9387,12
9387,14
9387,28
161822,12
161822,16
161822,10751
161822,878
161822,35
161822,14
841755,16
841755,28
841755,14
2323,18
2323,14
17581,14
17581,16
17581,28
831395,14
831395,18
778855,16
778855,12
778855,35
778855,10751
778855,14
41216,16
41216,12
41216,10751
41216,14
526051,27
526051,53
526051,14
20481,27
20481,14
606234,878
606234,18
606234,14
606234,53
32985,12
32985,14
32985,28
653,27
653,14
347031,35
347031,18
347031,10749
347031,14
347031,12
10837,12
10837,16
10837,10751
10837,35
10837,14
449563,35
449563,14
449563,10749
2134,53
2134,12
2134,14
2134,878
2134,10749
11708,10751
11708,12
11708,14
11708,35
1527163,35
1527163,10749
1527163,14
9294,18
9294,10749
9294,14
831405,16
831405,878
831405,14
831405,28
10013,35
10013,18
10013,14
62764,12
62764,35
62764,10751
62764,14
10730,12
10730,14
10730,27
495925,16
495925,12
495925,14
495925,878
495925,35
495925,10751
991,878
991,18
991,14
621870,28
621870,12
621870,35
621870,14
3591,12
3591,14
358364,14
358364,18
358364,53
358364,80
2698,14
2698,35
2698,10751
592831,878
592831,18
592831,14
1374686,16
1374686,14
1374686,18
1374686,10402
12159,18
12159,14
12159,10749
421892,16
421892,10751
421892,35
421892,14
421892,12
354251,14
354251,53
354251,27
354251,878
11551,35
11551,12
11551,14
11551,878
11551,28
57165,14
57165,12
57165,28
430447,16
430447,12
430447,10751
430447,14
1241894,14
1241894,10751
527400,14
527400,12
1338799,16
1338799,28
1338799,14
123,12
123,16
123,14
801688,18
801688,28
801688,14
801688,878
11395,14
11395,18
11395,35
11395,10751
10510,14
10510,18
10510,10751
532067,16
532067,12
532067,35
532067,14
337703,16
337703,18
337703,14
337703,10751
663558,16
663558,14
663558,28
41513,16
41513,10751
41513,12
41513,35
41513,14
736790,12
736790,14
736790,10751
4923,14
4923,28
4923,53
4923,878
2486,14
2486,28
2486,12
2486,10751
1181107,16
1181107,10751
1181107,14
1181107,18
1181107,12
1214140,27
1214140,14
1214140,28
1214140,53
173,12
173,878
173,14
10228,16
10228,10751
10228,12
10228,14
10228,28
1996,12
1996,28
1996,14
9822,12
9822,10751
9822,28
9822,14
785457,14
785457,35
785457,18
11236,18
11236,10751
11236,14
265712,16
265712,12
265712,878
265712,18
265712,10751
265712,14
428399,27
428399,14
428399,18
1494,28
1494,18
1494,14
490,14
490,18
431819,16
431819,10749
431819,14
431819,18
10323,12
10323,14
10323,28
603768,12
603768,18
603768,14
445030,12
445030,16
445030,18
445030,14
445030,10749
666750,14
666750,28
666750,12
346672,14
346672,28
346672,53
346672,878
346672,27
5680,35
5680,14
5680,27
162072,16
162072,12
162072,10751
162072,878
162072,35
162072,14
41498,16
41498,14
41498,12
1851,878
1851,14
1851,12
1851,10770
1064307,16
1064307,12
1064307,14
1064307,35
765,27
765,35
765,14
413594,16
413594,28
413594,12
413594,14
413594,878
33521,27
33521,10749
33521,14
33521,18
354279,16
354279,12
354279,35
354279,10751
354279,14
354279,10402
354279,10749
103332,35
103332,10749
103332,14
103332,18
454294,28
454294,12
454294,14
454294,10751
16633,18
16633,14
16633,10749
1139087,16
1139087,10751
1139087,14
1139087,18
1139087,35
25132,10751
25132,14
25132,35
25132,12
25132,878
476292,16
476292,14
476292,18
843543,35
843543,10749
843543,878
843543,14
110420,16
110420,10751
110420,18
110420,14
405882,28
405882,14
405882,27
314,28
314,14
314,80
1007401,16
1007401,28
1007401,14
1007401,12
55301,35
55301,14
55301,10751
55301,10402
55301,16
10096,35
10096,14
10096,10749
137227,16
137227,12
137227,10751
137227,878
137227,14
137227,35
2312,12
2312,14
2312,28
2312,18
9986,35
9986,10751
9986,14
7980,14
7980,18
401689,12
401689,14
401689,28
407655,35
407655,10751
407655,14
407655,10402
14822,12
14822,14
14822,878
14822,10751
15767,28
15767,12
15767,878
15767,14
15767,53
178682,10751
178682,35
178682,10770
178682,14
9760,35
9760,12
9760,14
487670,878
487670,16
487670,28
487670,18
487670,14
2619,35
2619,10749
2619,14
470610,10749
470610,18
470610,14
73245,28
73245,16
73245,14
73245,12
118406,16
118406,14
118406,28
199753,16
199753,35
199753,10751
199753,14
816904,16
816904,12
816904,14
816904,10751
29826,10751
29826,14
29826,16
29826,27
14069,14
14069,16
14069,18
14069,878
20378,16
20378,35
20378,10751
20378,14
522417,28
522417,12
522417,14
11342,27
11342,14
11342,28
17445,28
17445,12
17445,14
17445,16
17445,878
14207,12
14207,28
14207,14
639721,16
639721,10751
639721,35
639721,14
639721,12
433941,35
433941,12
433941,27
433941,14
350499,10751
350499,12
350499,16
350499,28
350499,14
1315772,16
1315772,10751
1315772,35
1315772,12
1315772,14
523366,16
523366,10751
523366,12
523366,14
47533,9648
47533,14
47533,35
47533,12
984105,27
984105,14
26515,14
26515,27
893345,12
893345,10751
893345,14
360605,14
360605,12
360605,35
360605,10770
397837,18
397837,14
51482,10770
51482,80
51482,18
51482,14
51482,53
51482,16
13225,10751
13225,14
13225,16
13225,12
626412,28
626412,14
626412,12
626412,878
575222,16
575222,12
575222,35
575222,878
575222,14
575222,10751
46528,12
46528,14
46528,28
46528,37
46528,53
400650,14
400650,10751
400650,35
13285,16
13285,10751
13285,12
13285,14
795607,16
795607,14
795607,28
795607,12
1146348,16
1146348,10751
1146348,9648
1146348,14
1146348,35
928480,12
928480,14
928480,9648
928480,27
30421,14
30421,28
8054,12
8054,14
8054,9648
671583,14
671583,10751
671583,10770
487242,878
487242,28
487242,16
487242,14
483980,14
483980,35
483980,10749
483980,10770
1087822,14
1087822,27
1087822,28
35019,35
35019,14
35019,10751
6552,35
6552,27
6552,14
6552,10749
12665,18
12665,14
203739,35
203739,28
203739,14
9906,14
9906,12
9906,16
9906,35
9906,10751
109491,14
109491,18
109491,10749
15849,27
15849,14
14282,14
14282,16
14282,28
17165,28
17165,16
17165,14
17165,18
27327,35
27327,27
27327,14
34067,10751
34067,12
34067,16
34067,14
34067,28
34067,878
922,18
922,14
922,37
9823,28
9823,14
9823,878
8965,14
8965,16
8965,878
8965,10751
8965,28
621876,10751
621876,12
621876,35
621876,14
42384,35
42384,14
42384,18
33821,12
33821,18
33821,14
98613,16
98613,14
98613,12
98613,10751
98613,878
9463,16
9463,14
9463,27
1235431,18
1235431,10402
1235431,14
487672,878
487672,16
487672,28
487672,14
487672,18
106164,16
106164,878
106164,28
106164,10751
106164,12
106164,14
323027,28
323027,16
323027,14
323027,12
323027,878
10588,10751
10588,35
10588,12
10588,14
28162,10749
28162,14
28162,18
28162,35
11188,28
11188,12
11188,14
11188,10770
1263421,16
1263421,28
1263421,14
9406,27
9406,35
9406,14
1114967,35
1114967,14
76285,12
76285,10751
76285,14
79707,16
79707,12
79707,14
79707,10751
761563,27
761563,18
761563,14
15359,28
15359,12
15359,16
15359,14
15359,878
136686,12
136686,16
136686,10751
136686,35
136686,878
136686,14
11352,10749
11352,14
11352,18
19585,10751
19585,14
19585,28
19585,12
19585,35
423949,14
423949,18
423949,35
42994,14
42994,16
42994,878
11253,14
11253,28
13465,27
13465,14
13465,16
13465,10751
7278,35
7278,14
763873,10751
763873,35
763873,14
763873,10770
10215,35
10215,18
10215,14
10215,10749
58244,10749
58244,878
58244,18
58244,14
339967,18
339967,14
339967,878
28148,28
28148,14
28148,27
28148,53
57737,16
57737,10751
57737,14
196254,16
196254,10751
196254,14
459003,16
459003,12
459003,10751
459003,14
13509,35
13509,28
13509,14
71864,14
71864,18
71864,35
71864,10751
11533,12
11533,10751
11533,14
11687,14
11687,35
3064,14
3064,35
3064,10749
1024,18
1024,14
624963,10751
624963,14
624963,12
624963,35
36685,35
36685,878
36685,14
36685,27
9667,18
9667,9648
9667,878
9667,53
9667,14
13688,35
13688,18
13688,10751
13688,14
13688,878
9824,12
9824,14
9824,28
9824,35
9824,878
15257,16
15257,28
15257,878
15257,12
15257,14
10336,28
10336,12
10336,14
10336,27
10336,878
10336,53
12797,35
12797,10749
12797,18
12797,14
37725,35
37725,14
37725,10749
26736,10751
26736,10770
26736,12
26736,35
26736,14
26736,28
26736,18
46261,14
46261,27
46261,53
12600,12
12600,14
12600,16
12600,878
12600,10751
14136,35
14136,10751
14136,14
698840,18
698840,14
698840,10749
462650,10751
462650,14
462650,16
462650,35
462650,12
923939,35
923939,14
923939,18
37958,14
37958,28
37958,18
72358,18
72358,35
72358,14
21683,14
21683,16
21683,12
21683,80
21683,28
21683,18
16962,16
16962,10751
16962,14
16962,10749
15916,16
15916,14
15916,9648
347201,12
347201,28
347201,16
347201,35
347201,14
936061,10751
936061,35
936061,14
936061,10770
18198,16
18198,14
18198,10751
9021,14
9021,35
9021,10751
489326,28
489326,14
489326,53
11704,10751
11704,16
11704,14
11704,12
11704,9648
11704,18
11704,878
364220,18
364220,14
364220,27
52795,10751
52795,12
52795,16
52795,878
52795,14
543583,16
543583,12
543583,10751
543583,14
136241,16
136241,12
136241,10751
136241,14
136241,878
645757,16
645757,35
645757,10751
645757,14
645757,12
382190,10751
382190,12
382190,16
382190,14
382190,878
9070,28
9070,12
9070,878
9070,14
7840,12
7840,28
7840,18
7840,14
9722,35
9722,14
9722,10749
18283,10402
18283,14
18283,10749
610892,18
610892,14
610892,16
2395,14
2395,12
2395,35
2395,10751
88625,16
88625,12
88625,10751
88625,14
88625,878
28370,35
28370,14
28370,10749
28370,878
9889,35
9889,10749
9889,14
9889,18
1832,14
1832,35
1832,12
845222,18
845222,14
845222,53
113082,16
113082,28
113082,12
113082,14
113082,18
113082,27
34560,12
34560,35
34560,10751
34560,14
34560,10770
48624,16
48624,28
48624,27
48624,14
16174,12
16174,10751
16174,14
16174,878
16174,10770
15138,12
15138,14
15138,35
15138,10751
420808,10751
420808,14
420808,28
420808,12
20982,16
20982,28
20982,14
13394,12
13394,16
13394,35
13394,14
13394,10751
486589,16
486589,14
486589,10751
486589,35
486589,10749
486589,12
3587,14
3587,35
3587,10751
20421,35
20421,10751
20421,16
20421,14
20421,10402
1483,14
1483,27
34205,12
34205,10751
34205,14
34205,10770
302429,10402
302429,16
302429,10751
302429,14
173122,27
173122,14
173122,18
433310,35
433310,10749
433310,14
451644,14
451644,12
30074,10751
30074,16
30074,35
30074,14
30074,10402
30074,9648
324963,16
324963,10751
324963,14
177888,10751
177888,10402
177888,10770
177888,35
177888,14
161704,16
161704,12
161704,10751
161704,14
161704,878
647,16
647,28
647,12
647,14
647,878
59981,16
59981,10751
59981,14
424781,14
424781,878
424781,35
9100,27
9100,18
9100,14
184004,10751
184004,16
184004,12
184004,14
184004,878
560052,16
560052,12
560052,10751
560052,14
560052,35
76589,28
76589,16
76589,878
76589,14
928833,16
928833,10751
928833,10770
928833,12
928833,35
928833,14
161715,16
161715,10751
161715,12
161715,35
161715,14
161715,878
34065,10751
34065,12
34065,16
34065,14
1730,27
1730,53
1730,9648
1730,18
1730,14
23082,35
23082,14
23082,10749
89473,16
89473,10751
89473,35
89473,14
32644,14
32644,35
32644,10749
1086747,14
1086747,27
1086747,9648
13188,14
13188,18
39345,10751
39345,14
39345,35
39345,10770
834404,16
834404,35
834404,10751
834404,14
834404,878
37933,16
37933,14
37933,12
438747,12
438747,16
438747,35
438747,10751
438747,14
438747,10770
301804,18
301804,14
301804,27
301804,53
21356,12
21356,16
21356,14
13768,18
13768,10751
13768,14
13768,10749
955644,16
955644,14
955644,12
955644,10751
442056,35
442056,16
442056,10751
442056,14
1405338,28
1405338,80
1405338,14
1405338,53
459159,10751
459159,14
459159,16
459159,35
27653,12
27653,14
27653,16
27653,9648
27653,10751
11243,12
11243,14
11243,16
11243,35
11243,10751
10210,14
10210,35
10210,10749
24795,35
24795,10751
24795,14
1148677,16
1148677,10751
1148677,14
1148677,10402
1148677,12
1148677,35
1148677,878
631132,16
631132,12
631132,28
631132,14
32916,16
32916,35
32916,10751
32916,9648
32916,14
11618,27
11618,53
11618,14
11618,9648
10849,14
10849,35
10849,10749
1130053,27
1130053,14
44154,28
44154,12
44154,14
144,18
144,14
144,10749
221732,28
221732,12
221732,14
728754,16
728754,12
728754,35
728754,878
728754,18
728754,10751
728754,14
34134,16
34134,10751
34134,14
8973,27
8973,14
8973,18
6917,27
6917,14
902,14
902,878
902,12
14248,16
14248,35
14248,10751
14248,14
14248,27
46169,18
46169,10751
46169,14
46169,10770
14411,10751
14411,16
14411,12
14411,14
14411,28
37618,14
37618,27
37618,878
119892,28
119892,12
119892,10751
119892,14
26505,12
26505,14
26505,16
26505,10751
3115,878
3115,28
3115,14
300168,12
300168,36
300168,28
300168,14
13836,12
13836,10751
13836,14
13836,878
13836,53
13836,28
21835,28
21835,12
21835,14
21835,35
21835,10749
571891,16
571891,12
571891,14
571891,28
571891,10751
10052,18
10052,53
10052,14
33320,18
33320,16
33320,10749
33320,14
18937,14
18937,16
18937,18
18937,10749
18937,10751
1303162,12
1303162,28
1303162,35
1303162,14
29911,14
29911,18
29911,9648
29911,10751
16127,10402
16127,35
16127,14
116322,16
116322,10751
116322,14
116322,27
162095,16
162095,12
162095,14
162095,878
162095,10751
1223178,16
1223178,18
1223178,35
1223178,14
1461519,10751
1461519,14
1461519,35
1461519,12
877004,10770
877004,14
877004,18
877004,10749
877004,35
19042,10749
19042,16
19042,10751
19042,12
19042,14
322240,14
322240,35
322240,10751
526050,35
526050,14
526050,10749
475215,16
475215,10751
475215,14
475215,12
475215,18
321068,28
321068,12
321068,14
11415,35
11415,27
11415,14
989730,16
989730,14
989730,9648
11232,10749
11232,35
11232,14
329996,10751
329996,14
329996,12
12994,18
12994,14
12994,9648
12994,53
16007,14
16007,9648
16007,53
38319,35
38319,14
38319,12
38319,28
38319,10749
454699,16
454699,10751
454699,14
454699,35
28609,16
28609,28
28609,14
10488,12
10488,35
10488,10751
10488,14
72331,28
72331,14
72331,27
2006,35
2006,14
2006,10749
575094,12
575094,14
575094,9648
23488,14
23488,18
23488,53
152044,53
152044,16
152044,14
6217,14
6217,27
576784,12
576784,14
367544,10749
367544,18
367544,14
367544,10770
70417,18
70417,14
70417,10749
70417,10770
170657,28
170657,14
170657,12
170657,35
14821,12
14821,14
14821,878
14821,10751
86184,12
86184,10751
86184,16
86184,14
86184,878
766,14
766,27
766,35
11548,10751
11548,35
11548,14
11548,878
11044,14
11044,35
11044,18
11044,10749
682254,16
682254,35
682254,10751
682254,9648
682254,12
682254,14
162092,10751
162092,16
162092,12
162092,878
162092,14
44587,28
44587,16
44587,14
44587,27
10214,14
10214,35
10214,10751
10214,12
454467,10751
454467,35
454467,14
40205,14
40205,18
40205,10751
105444,16
105444,10751
105444,12
105444,35
105444,14
105444,878
1680,878
1680,35
1680,12
1680,14
1680,28
39057,10751
39057,16
39057,12
39057,14
615666,10751
615666,12
615666,14
1367125,18
1367125,27
1367125,14
31352,16
31352,12
31352,14
31352,878
31352,10751
351460,80
351460,14
351460,27
26255,35
26255,10749
26255,14
10437,10402
10437,35
10437,10751
10437,14
10437,18
9947,28
9947,14
9947,12
446894,10751
446894,35
446894,12
446894,16
446894,14
789708,16
789708,12
789708,14
789708,10751
789708,10770
1003579,16
1003579,14
1003579,28
1003579,9648
18360,12
18360,14
18360,28
18360,35
18360,10751
536869,14
536869,35
536869,18
682153,16
682153,12
682153,10751
682153,14
682153,878
682153,35
627661,16
627661,12
627661,878
627661,14
627661,27
381890,35
381890,14
381890,10749
823482,35
823482,14
22259,28
22259,12
22259,16
22259,878
22259,14
506763,28
506763,14
506763,12
506763,9648
1028851,10751
1028851,14
1028851,10402
1028851,10749
1028851,16
1072890,28
1072890,14
18196,27
18196,9648
18196,14
1001865,16
1001865,10751
1001865,14
19576,28
19576,16
19576,12
19576,35
19576,14
230887,14
230887,18
230887,27
72984,10751
72984,14
201676,16
201676,35
201676,10751
201676,14
201676,10402
912598,16
912598,12
912598,878
912598,14
360780,28
360780,35
360780,14
370964,14
370964,10749
643215,10751
643215,35
643215,12
643215,14
429245,10749
429245,18
429245,14
11359,12
11359,10751
11359,14
20312,12
20312,14
20312,18
13647,12
13647,16
13647,28
13647,14
13647,878
36807,14
36807,18
36807,35
36807,878
13345,28
13345,12
13345,14
13345,35
13345,10749
555457,10751
555457,14
9564,10751
9564,12
9564,35
9564,14
10025,35
10025,18
10025,10751
10025,14
10025,10749
296271,27
296271,14
296271,878
296271,53
10185,27
10185,9648
10185,14
8850,14
8850,28
8850,80
403510,16
403510,35
403510,10751
403510,14
403510,12
714273,14
714273,878
714273,18
81684,12
81684,16
81684,10751
81684,14
81684,10770
1364904,35
1364904,18
1364904,14
25278,28
25278,12
25278,16
25278,35
25278,14
7091,35
7091,27
7091,80
7091,14
708352,10751
708352,16
708352,14
2137,14
2137,28
2137,12
2137,18
390634,16
390634,28
390634,14
390634,18
390634,10749
16220,16
16220,14
16220,878
40092,35
40092,14
40092,10749
15301,27
15301,14
15301,878
968868,16
968868,28
968868,12
968868,14
968868,10749
